experiment,variant,phase,runner,runner_code,parent_variant,created_at,started_at,completed_at,queue_seconds,execution_seconds,total_seconds,status
0,v1_0004,f01_explore,K8s-8gb,3,,2026-06-16T01:07:06.025025+00:00,2026-06-16T01:07:16.309134+00:00,2026-06-16T01:07:46.502963+00:00,10,30,40,failed
0,v1_0003,f01_explore,K8s-24gb,4,,2026-06-16T01:06:16.904195+00:00,2026-06-16T01:06:21.318536+00:00,2026-06-16T01:12:09.460155+00:00,4,348,352,success
0,v1_0002,f01_explore,GithubActions,2,,2026-06-16T01:06:12.301453+00:00,2026-06-16T01:06:22.303898+00:00,2026-06-16T01:17:14.510938+00:00,10,652,662,success
0,v1_0001,f01_explore,GithubActions,2,,2026-06-16T01:34:03.880861+00:00,2026-06-16T01:34:14.344967+00:00,2026-06-16T01:37:19.472526+00:00,10,185,195,success
2,v3_2301,f03_windows,K8s-8gb,3,v2_0002,2026-06-16T07:19:07.409944+00:00,2026-06-16T07:19:17.836606+00:00,2026-06-16T07:27:05.206029+00:00,10,467,477,success
2,v3_2302,f03_windows,K8s-8gb,3,v2_0002,2026-06-16T07:19:07.410368+00:00,2026-06-16T07:19:17.615851+00:00,2026-06-16T07:27:05.249247+00:00,10,467,477,success
2,v3_2303,f03_windows,K8s-8gb,3,v2_0002,2026-06-16T07:19:07.411222+00:00,2026-06-16T07:19:17.652237+00:00,2026-06-16T07:27:05.288868+00:00,10,467,477,success
2,v3_2305,f03_windows,K8s-8gb,3,v2_0002,2026-06-16T07:19:07.411571+00:00,2026-06-16T07:19:17.741053+00:00,2026-06-16T07:27:15.877801+00:00,10,478,488,success
2,v3_2306,f03_windows,K8s-8gb,3,v2_0002,2026-06-16T07:19:07.525639+00:00,2026-06-16T07:19:17.866915+00:00,2026-06-16T07:27:16.037610+00:00,10,478,488,success
2,v3_2308,f03_windows,K8s-8gb,3,v2_0002,2026-06-16T07:19:07.593070+00:00,2026-06-16T07:27:20.797235+00:00,2026-06-16T07:36:38.118875+00:00,493,557,1050,success
2,v3_2307,f03_windows,K8s-8gb,3,v2_0002,2026-06-16T07:19:07.559888+00:00,2026-06-16T07:27:20.828402+00:00,2026-06-16T07:36:38.188362+00:00,493,557,1050,success
2,v3_2304,f03_windows,GithubActions,2,v2_0002,2026-06-16T08:57:58.373746+00:00,2026-06-16T08:58:08.276748+00:00,2026-06-16T09:09:55.846786+00:00,9,707,717,success
1,v3_1201,f03_windows,GithubActions,2,v2_0002,2026-06-16T10:56:38.611475+00:00,2026-06-16T10:56:43.397299+00:00,2026-06-16T11:02:31.151875+00:00,4,347,352,success
1,v3_1401,f03_windows,K8s-24gb,4,v2_0002,2026-06-16T10:56:38.617277+00:00,2026-06-16T10:56:46.497335+00:00,2026-06-16T11:02:31.240927+00:00,7,344,352,success
1,v3_1301,f03_windows,K8s-8gb,3,v2_0002,2026-06-16T10:56:38.616295+00:00,2026-06-16T10:56:45.015009+00:00,2026-06-16T11:02:42.141566+00:00,6,357,363,success
1,v5_1101,f05_modeling,Local,1,v4_0001,2026-06-16T15:06:26.545384+00:00,2026-06-16T15:06:26.631515+00:00,2026-06-16T15:27:12.015957+00:00,0,1245,1245,success
1,v3_1101,f03_windows,Local,1,v2_0002,2026-06-16T15:30:38.558134+00:00,2026-06-16T15:30:38.642344+00:00,2026-06-16T15:32:34.999880+00:00,0,116,116,success
1,v5_1201,f05_modeling,GithubActions,2,v4_0001,2026-06-16T15:36:50.168332+00:00,2026-06-16T15:37:10.414950+00:00,2026-06-16T15:49:22.911210+00:00,20,732,752,success
1,v5_1205,f05_modeling,GithubActions,2,v4_0001,2026-06-16T15:58:05.062536+00:00,2026-06-16T15:58:14.852512+00:00,2026-06-16T16:07:29.156340+00:00,9,554,564,success
1,v5_1206,f05_modeling,GithubActions,2,v4_0001,2026-06-16T15:58:08.911214+00:00,2026-06-16T15:58:13.339604+00:00,2026-06-16T16:07:29.393372+00:00,4,556,560,success
1,v5_1203,f05_modeling,GithubActions,2,v4_0001,2026-06-16T15:57:57.143539+00:00,2026-06-16T15:58:06.974790+00:00,2026-06-16T16:12:46.547606+00:00,9,879,889,success
1,v5_1202,f05_modeling,GithubActions,2,v4_0001,2026-06-16T15:57:51.711864+00:00,2026-06-16T15:58:10.169554+00:00,2026-06-16T16:13:07.963433+00:00,18,897,916,success
1,v5_1204,f05_modeling,GithubActions,2,v4_0001,2026-06-16T15:58:01.636724+00:00,2026-06-16T15:58:11.417184+00:00,2026-06-16T16:13:08.187318+00:00,9,896,906,success
1,v5_1301,f05_modeling,K8s-8gb,3,v4_0001,2026-06-16T15:37:00.885572+00:00,2026-06-16T15:37:11.072807+00:00,2026-06-16T16:20:57.923003+00:00,10,2626,2637,success
1,v5_1401,f05_modeling,K8s-24gb,4,v4_0001,2026-06-16T15:37:10.097056+00:00,2026-06-16T15:37:20.277034+00:00,2026-06-16T16:22:28.534203+00:00,10,2708,2718,success
1,v3_1304,f03_windows,K8s-8gb,3,v2_0002,2026-06-16T16:39:57.487047+00:00,2026-06-16T16:40:07.239524+00:00,2026-06-16T16:46:17.222740+00:00,9,369,379,success
1,v3_1302,f03_windows,K8s-8gb,3,v2_0002,2026-06-16T16:39:51.593033+00:00,2026-06-16T16:40:09.958295+00:00,2026-06-16T16:48:47.075879+00:00,18,517,535,success
1,v3_1303,f03_windows,K8s-8gb,3,v2_0002,2026-06-16T16:39:53.137760+00:00,2026-06-16T16:40:11.614064+00:00,2026-06-16T16:48:47.247526+00:00,18,515,534,success
1,v3_1305,f03_windows,K8s-8gb,3,v2_0002,2026-06-16T16:40:00.477456+00:00,2026-06-16T16:40:10.337646+00:00,2026-06-16T16:48:47.343953+00:00,9,517,526,success
1,v3_1306,f03_windows,K8s-8gb,3,v2_0002,2026-06-16T16:40:05.565461+00:00,2026-06-16T16:40:09.933431+00:00,2026-06-16T16:48:57.935998+00:00,4,528,532,success
1,v5_1302,f05_modeling,K8s-8gb,3,v4_0001,2026-06-16T16:58:36.473443+00:00,2026-06-16T16:58:55.193548+00:00,2026-06-16T18:38:38.130597+00:00,18,5982,6001,success
1,v5_1303,f05_modeling,K8s-8gb,3,v4_0001,2026-06-16T16:58:39.915697+00:00,2026-06-16T16:58:49.660385+00:00,2026-06-16T18:38:58.307593+00:00,9,6008,6018,success
1,v5_1305,f05_modeling,K8s-8gb,3,v4_0001,2026-06-16T16:58:47.002828+00:00,2026-06-16T16:58:56.857389+00:00,2026-06-16T18:38:58.357587+00:00,9,6001,6011,success
1,v5_1304,f05_modeling,K8s-8gb,3,v4_0001,2026-06-16T16:58:43.925924+00:00,2026-06-16T16:58:53.862636+00:00,2026-06-16T18:41:15.015779+00:00,9,6141,6151,success
1,v5_1306,f05_modeling,K8s-8gb,3,v4_0001,2026-06-16T16:58:51.320548+00:00,2026-06-16T16:59:01.342100+00:00,2026-06-16T18:41:15.035406+00:00,10,6133,6143,success
4,v1_4101,f01_explore,Local,1,,2026-06-16T19:18:05.690337+00:00,2026-06-16T19:18:05.759492+00:00,2026-06-16T19:21:55.534956+00:00,0,229,229,success
4,v2_4101,f02_events,Local,1,v1_4101,2026-06-16T19:18:06.223410+00:00,2026-06-16T19:22:06.727325+00:00,2026-06-16T19:25:30.616975+00:00,240,203,444,success
1,v5_1404,f05_modeling,K8s-24gb,4,v4_0001,2026-06-16T19:20:19.478575+00:00,2026-06-16T19:20:29.355859+00:00,2026-06-16T19:27:31.039664+00:00,9,421,431,failed
1,v5_1403,f05_modeling,K8s-24gb,4,v4_0001,2026-06-16T19:20:16.094416+00:00,2026-06-16T19:20:20.296114+00:00,2026-06-16T19:27:52.138222+00:00,4,451,456,failed
1,v5_1402,f05_modeling,K8s-24gb,4,v4_0001,2026-06-16T19:20:12.405498+00:00,2026-06-16T19:20:22.239433+00:00,2026-06-16T19:27:52.196525+00:00,9,449,459,failed
4,v2_4102,f02_events,Local,1,v1_4101,2026-06-16T19:18:06.733236+00:00,2026-06-16T19:25:37.774280+00:00,2026-06-16T19:29:10.167601+00:00,451,212,663,success
4,v3_4101,f03_windows,Local,1,v2_4101,2026-06-16T19:18:07.201659+00:00,2026-06-16T19:29:23.561747+00:00,2026-06-16T19:30:55.585711+00:00,676,92,768,success
4,v3_4102,f03_windows,Local,1,v2_4101,2026-06-16T19:18:07.616797+00:00,2026-06-16T19:31:08.786704+00:00,2026-06-16T19:32:40.179965+00:00,781,91,872,success
4,v3_4103,f03_windows,Local,1,v2_4102,2026-06-16T19:18:08.052019+00:00,2026-06-16T19:32:54.982256+00:00,2026-06-16T20:08:05.253534+00:00,886,2110,2997,success
1,v5_1405,f05_modeling,K8s-24gb,4,v4_0001,2026-06-16T19:20:23.219658+00:00,2026-06-16T19:27:58.988061+00:00,2026-06-16T20:10:42.449336+00:00,455,2563,3019,success
1,v5_1406,f05_modeling,K8s-24gb,4,v4_0001,2026-06-16T19:20:27.590075+00:00,2026-06-16T19:28:17.205922+00:00,2026-06-16T20:12:06.036194+00:00,469,2628,3098,success
4,v3_4104,f03_windows,Local,1,v2_4102,2026-06-16T19:18:08.464938+00:00,2026-06-16T20:08:13.251081+00:00,2026-06-16T21:00:49.615097+00:00,3004,3156,6161,success
4,v4_4101,f04_targets,Local,1,v3_4101,2026-06-16T19:18:08.851979+00:00,2026-06-16T21:01:02.013591+00:00,2026-06-16T21:02:17.103494+00:00,6173,75,6248,success
4,v4_4102,f04_targets,Local,1,v3_4102,2026-06-16T19:18:09.284866+00:00,2026-06-16T21:02:18.620348+00:00,2026-06-16T21:03:36.856367+00:00,6249,78,6327,success
4,v4_4103,f04_targets,Local,1,v3_4102,2026-06-16T19:18:09.707415+00:00,2026-06-16T21:03:49.173680+00:00,2026-06-16T21:05:02.070783+00:00,6339,72,6412,success
4,v4_4104,f04_targets,Local,1,v3_4103,2026-06-16T21:45:56.173616+00:00,2026-06-16T21:45:56.788986+00:00,2026-06-16T21:49:09.187777+00:00,0,192,193,failed
4,v4_4106,f04_targets,Local,1,v3_4103,2026-06-16T21:46:17.611105+00:00,,2026-06-16T21:49:09.344292+00:00,,,171,failed
4,v4_4105,f04_targets,Local,1,v3_4103,2026-06-16T21:46:03.260885+00:00,2026-06-16T21:49:13.078649+00:00,2026-06-16T21:49:22.016932+00:00,189,8,198,canceled
4,v1_4301,f01_explore,GithubActions,2,,2026-06-16T21:51:11.784614+00:00,2026-06-16T21:51:21.609963+00:00,2026-06-16T21:54:20.596083+00:00,9,178,188,success
4,v2_4301,f02_events,GithubActions,2,v1_4301,2026-06-16T21:51:12.122375+00:00,2026-06-16T21:54:52.999935+00:00,2026-06-16T21:58:21.254244+00:00,220,208,429,success
4,v2_4302,f02_events,GithubActions,2,v1_4301,2026-06-16T21:51:12.394382+00:00,2026-06-16T21:54:52.970020+00:00,2026-06-16T21:58:31.761554+00:00,220,218,439,success
4,v3_4301,f03_windows,GithubActions,2,v2_4301,2026-06-16T21:51:12.668695+00:00,2026-06-16T21:57:53.228555+00:00,2026-06-16T22:00:06.342985+00:00,400,133,533,success
4,v3_4302,f03_windows,GithubActions,2,v2_4301,2026-06-16T21:51:12.945379+00:00,2026-06-16T21:57:53.198749+00:00,2026-06-16T22:00:06.519043+00:00,400,133,533,success
4,v4_4301,f04_targets,GithubActions,2,v3_4301,2026-06-16T21:51:13.809597+00:00,2026-06-16T22:00:24.141689+00:00,2026-06-16T22:02:34.517529+00:00,550,130,680,success
4,v4_4302,f04_targets,GithubActions,2,v3_4302,2026-06-16T21:51:14.087878+00:00,2026-06-16T22:00:24.686863+00:00,2026-06-16T22:02:34.635837+00:00,550,129,680,success
4,v4_4303,f04_targets,GithubActions,2,v3_4302,2026-06-16T21:51:14.376253+00:00,2026-06-16T22:00:24.832822+00:00,2026-06-16T22:02:46.298865+00:00,550,141,691,success
4,v3_4303,f03_windows,GithubActions,2,v2_4302,2026-06-16T21:51:13.245189+00:00,2026-06-16T21:58:53.300921+00:00,2026-06-16T22:18:43.595801+00:00,460,1190,1650,success
4,v3_4304,f03_windows,GithubActions,2,v2_4302,2026-06-16T21:51:13.523529+00:00,2026-06-16T21:58:53.380775+00:00,2026-06-16T22:18:43.646903+00:00,459,1190,1650,success
4,v4_4304,f04_targets,GithubActions,2,v3_4303,2026-06-16T21:51:14.651235+00:00,2026-06-16T22:18:55.797409+00:00,2026-06-16T22:22:29.082026+00:00,1661,213,1874,failed
4,v4_4305,f04_targets,GithubActions,2,v3_4304,2026-06-16T21:51:14.931402+00:00,2026-06-16T22:27:55.762863+00:00,2026-06-16T22:30:57.687062+00:00,2200,181,2382,failed
4,v4_4306,f04_targets,GithubActions,2,v3_4304,2026-06-16T21:51:15.202733+00:00,2026-06-16T22:27:57.744635+00:00,2026-06-16T22:30:57.831364+00:00,2202,180,2382,failed
3,v7_3401,f07_modval,ESP32-v2,0,v6_0001,2026-06-17T14:21:08.602389+00:00,2026-06-17T14:21:27.113011+00:00,2026-06-17T14:28:40.676821+00:00,18,433,452,success
3,v7_3601,f07_modval,ESP32-v4-virtual,0,v6_0001,2026-06-17T14:30:53.331539+00:00,2026-06-17T14:31:12.235765+00:00,2026-06-17T14:38:16.978496+00:00,18,424,443,success
3,v7_3303,f07_modval,ESP32-v1,0,v6_0001,2026-06-17T19:55:21.653274+00:00,2026-06-17T19:55:40.097507+00:00,2026-06-18T07:11:32.475859+00:00,18,40552,40570,success
3,v7_3503,f07_modval,ESP32-v3-virtual,0,v6_0001,2026-06-17T19:55:27.639431+00:00,2026-06-17T19:55:58.283691+00:00,2026-06-18T07:11:32.529194+00:00,30,40534,40564,failed
3,v7_3501,f07_modval,ESP32-v3-virtual,0,v6_0001,2026-06-18T08:42:30.691694+00:00,2026-06-18T08:42:40.644590+00:00,2026-06-18T10:33:39.288507+00:00,9,6658,6668,success
3,v7_3301,f07_modval,ESP32-v1,0,v6_0001,2026-06-18T07:58:43.993096+00:00,2026-06-18T07:58:53.762723+00:00,2026-06-18T10:35:49.667118+00:00,9,9415,9425,success
3,v7_3102,f07_modval,Local,1,v6_0001,2026-06-18T10:20:38.156044+00:00,2026-06-18T10:20:38.205464+00:00,2026-06-18T10:51:14.871016+00:00,0,1836,1836,success
3,v8_3301,f08_sysval,ESP32-v1,0,v7_3301,2026-06-18T13:38:37.398669+00:00,2026-06-18T13:38:47.854287+00:00,2026-06-18T13:39:55.106676+00:00,10,67,77,success
3,v8_3501,f08_sysval,ESP32-v3-virtual,0,v7_3501,2026-06-18T13:38:38.022986+00:00,2026-06-18T13:38:58.839938+00:00,2026-06-18T13:40:16.490513+00:00,20,77,98,success
3,v8_3103,f08_sysval,Local,1,v7_3102,2026-06-18T13:58:47.341253+00:00,2026-06-18T13:58:47.531800+00:00,2026-06-18T13:59:27.726344+00:00,0,40,40,failed
3,v7_3101,f07_modval,Local,1,v6_0001,2026-06-18T14:30:42.851249+00:00,2026-06-18T14:30:43.040234+00:00,2026-06-18T15:11:35.393793+00:00,0,2452,2452,success
3,v8_3101,f08_sysval,Local,1,v7_3101,2026-06-18T14:48:49.751045+00:00,2026-06-18T15:11:50.424375+00:00,2026-06-18T15:13:22.087569+00:00,1380,91,1472,success
3,v8_3102,f08_sysval,ESP32-v1,0,"v7_3101, v7_3301, v7_3501",2026-06-18T15:15:19.621035+00:00,2026-06-18T15:15:30.606498+00:00,2026-06-18T15:16:34.266810+00:00,10,63,74,success
0,v1_0000,f01_explore,GithubActions,2,,2026-06-22T14:57:34.594478+00:00,2026-06-22T14:57:53.441545+00:00,2026-06-22T15:01:19.182127+00:00,18,205,224,success
0,v2_0001,f02_events,GithubActions,2,v1_0000,2026-06-22T14:59:51.884629+00:00,2026-06-22T15:01:33.918581+00:00,2026-06-22T15:04:32.106820+00:00,102,178,280,success
0,v2_0002,f02_events,GithubActions,2,v1_0000,2026-06-22T14:59:53.203885+00:00,2026-06-22T15:01:43.758315+00:00,2026-06-22T15:04:53.455510+00:00,110,189,300,success
0,v2_0003,f02_events,GithubActions,2,v1_0000,2026-06-22T14:59:55.110975+00:00,2026-06-22T15:02:02.250834+00:00,2026-06-22T15:05:14.679983+00:00,127,192,319,success
0,v3_0002,f03_windows,GithubActions,2,v2_0002,2026-06-22T15:13:29.152622+00:00,,2026-06-22T15:13:56.487765+00:00,,,27,failed
0,v3_0003,f03_windows,GithubActions,2,v2_0003,2026-06-22T15:13:30.020802+00:00,2026-06-22T15:14:10.048760+00:00,2026-06-22T15:16:15.659901+00:00,40,125,165,success
0,v3_0006,f03_windows,GithubActions,2,v2_0003,2026-06-22T15:13:32.371547+00:00,2026-06-22T15:14:47.703524+00:00,2026-06-22T15:16:59.073056+00:00,75,131,206,success
0,v3_0005,f03_windows,GithubActions,2,v2_0002,2026-06-22T15:13:31.623632+00:00,2026-06-22T15:14:37.978591+00:00,2026-06-22T15:16:59.131329+00:00,66,141,207,success
0,v3_0004,f03_windows,GithubActions,2,v2_0001,2026-06-22T15:13:30.701056+00:00,2026-06-22T15:14:28.278810+00:00,2026-06-22T15:17:10.000987+00:00,57,161,219,success
0,v3_0001,f03_windows,GithubActions,2,v2_0001,2026-06-22T15:13:27.971116+00:00,2026-06-22T15:13:38.161574+00:00,2026-06-22T15:17:21.678007+00:00,10,223,233,success
0,v4_0001,f04_targets,GithubActions,2,v3_0001,2026-06-22T15:20:35.080532+00:00,2026-06-22T15:23:53.095520+00:00,2026-06-22T15:25:59.763923+00:00,198,126,324,success
0,v4_0002,f04_targets,GithubActions,2,v3_0002,2026-06-22T15:20:35.281867+00:00,2026-06-22T15:24:12.980832+00:00,2026-06-22T15:26:21.113724+00:00,217,128,345,success
0,v4_0004,f04_targets,GithubActions,2,v3_0001,2026-06-22T15:20:35.772426+00:00,2026-06-22T15:24:41.280932+00:00,2026-06-22T15:26:32.261932+00:00,245,110,356,success
0,v4_0003,f04_targets,GithubActions,2,v3_0003,2026-06-22T15:20:35.505714+00:00,2026-06-22T15:24:31.466515+00:00,2026-06-22T15:26:43.565589+00:00,235,132,368,success
0,v4_0006,f04_targets,GithubActions,2,v3_0003,2026-06-22T15:20:36.171426+00:00,2026-06-22T15:25:10.519557+00:00,2026-06-22T15:27:05.443951+00:00,274,114,389,success
0,v4_0005,f04_targets,GithubActions,2,v3_0002,2026-06-22T15:20:35.972069+00:00,2026-06-22T15:24:51.127504+00:00,2026-06-22T15:27:05.500757+00:00,255,134,389,success
0,v4_0008,f04_targets,GithubActions,2,v3_0002,2026-06-22T15:20:36.577018+00:00,2026-06-22T15:25:39.388492+00:00,2026-06-22T15:27:38.159280+00:00,302,118,421,success
0,v4_0007,f04_targets,GithubActions,2,v3_0001,2026-06-22T15:20:36.378616+00:00,2026-06-22T15:25:21.051603+00:00,2026-06-22T15:27:48.887917+00:00,284,147,432,success
0,v4_0009,f04_targets,GithubActions,2,v3_0003,2026-06-22T15:20:36.778393+00:00,2026-06-22T15:25:58.008230+00:00,2026-06-22T15:27:59.731486+00:00,321,121,442,success
0,v4_0012,f04_targets,GithubActions,2,v3_0003,2026-06-22T15:20:37.391141+00:00,2026-06-22T15:26:45.010390+00:00,2026-06-22T15:28:43.645978+00:00,367,118,486,success
0,v4_0011,f04_targets,GithubActions,2,v3_0002,2026-06-22T15:20:37.184505+00:00,2026-06-22T15:26:26.607840+00:00,2026-06-22T15:28:43.711528+00:00,349,137,486,success
0,v4_0010,f04_targets,GithubActions,2,v3_0001,2026-06-22T15:20:36.981047+00:00,2026-06-22T15:26:16.834184+00:00,2026-06-22T15:28:55.015227+00:00,339,158,498,success
0,v4_0013,f04_targets,GithubActions,2,v3_0001,2026-06-22T15:20:37.598155+00:00,2026-06-22T15:26:55.598428+00:00,2026-06-22T15:29:18.009506+00:00,378,142,520,success
0,v4_0014,f04_targets,GithubActions,2,v3_0002,2026-06-22T15:20:37.806969+00:00,2026-06-22T15:27:14.136206+00:00,2026-06-22T15:29:18.214936+00:00,396,124,520,success
0,v4_0015,f04_targets,GithubActions,2,v3_0003,2026-06-22T15:20:38.015129+00:00,2026-06-22T15:27:24.023856+00:00,2026-06-22T15:29:40.020999+00:00,406,135,542,success
0,v4_0016,f04_targets,GithubActions,2,v3_0001,2026-06-22T15:20:38.226942+00:00,2026-06-22T15:27:42.378817+00:00,2026-06-22T15:29:51.220550+00:00,424,128,552,success
0,v4_0017,f04_targets,GithubActions,2,v3_0002,2026-06-22T15:20:38.439984+00:00,2026-06-22T15:28:02.451613+00:00,2026-06-22T15:30:35.615617+00:00,444,153,597,success
0,v4_0020,f04_targets,GithubActions,2,v3_0002,2026-06-22T15:20:39.097590+00:00,2026-06-22T15:28:31.668721+00:00,2026-06-22T15:30:35.670781+00:00,472,124,596,success
0,v4_0018,f04_targets,GithubActions,2,v3_0003,2026-06-22T15:20:38.662911+00:00,2026-06-22T15:28:12.086898+00:00,2026-06-22T15:30:47.217709+00:00,453,155,608,success
0,v4_0019,f04_targets,GithubActions,2,v3_0001,2026-06-22T15:20:38.880713+00:00,2026-06-22T15:28:22.022476+00:00,2026-06-22T15:30:58.316722+00:00,463,156,619,success
0,v4_0021,f04_targets,GithubActions,2,v3_0003,2026-06-22T15:20:39.665149+00:00,2026-06-22T15:28:41.646615+00:00,2026-06-22T15:31:09.288161+00:00,481,147,629,success
0,v4_0022,f04_targets,GithubActions,2,v3_0001,2026-06-22T15:20:39.858107+00:00,2026-06-22T15:28:51.623818+00:00,2026-06-22T15:31:20.649936+00:00,491,149,640,success
0,v4_0023,f04_targets,GithubActions,2,v3_0002,2026-06-22T15:20:40.141098+00:00,2026-06-22T15:29:05.027947+00:00,2026-06-22T15:31:20.708147+00:00,504,135,640,success
0,v4_0025,f04_targets,GithubActions,2,v3_0001,2026-06-22T15:20:40.632038+00:00,2026-06-22T15:29:44.264715+00:00,2026-06-22T15:31:53.665956+00:00,543,129,673,success
0,v4_0024,f04_targets,GithubActions,2,v3_0003,2026-06-22T15:20:40.415136+00:00,2026-06-22T15:29:25.287548+00:00,2026-06-22T15:31:53.667032+00:00,524,148,673,success
0,v4_0027,f04_targets,GithubActions,2,v3_0003,2026-06-22T15:20:41.140605+00:00,2026-06-22T15:30:05.364749+00:00,2026-06-22T15:32:26.284080+00:00,564,140,705,success
0,v4_0028,f04_targets,GithubActions,2,v3_0001,2026-06-22T15:20:41.447639+00:00,2026-06-22T15:30:15.066574+00:00,2026-06-22T15:32:37.345497+00:00,573,142,715,success
0,v4_0026,f04_targets,GithubActions,2,v3_0002,2026-06-22T15:20:40.887786+00:00,2026-06-22T15:29:54.733360+00:00,2026-06-22T15:32:48.679429+00:00,553,173,727,success
0,v4_0032,f04_targets,GithubActions,2,v3_0002,2026-06-22T15:20:43.682408+00:00,2026-06-22T15:31:13.877478+00:00,2026-06-22T15:33:00.068886+00:00,630,106,736,success
0,v4_0031,f04_targets,GithubActions,2,v3_0001,2026-06-22T15:20:42.445707+00:00,2026-06-22T15:30:53.824402+00:00,2026-06-22T15:33:21.735392+00:00,611,147,759,success
0,v4_0030,f04_targets,GithubActions,2,v3_0003,2026-06-22T15:20:42.120267+00:00,2026-06-22T15:30:43.798455+00:00,2026-06-22T15:33:33.590668+00:00,601,169,771,success
0,v4_0029,f04_targets,GithubActions,2,v3_0002,2026-06-22T15:20:41.804109+00:00,2026-06-22T15:30:24.958935+00:00,2026-06-22T15:33:44.628172+00:00,583,199,782,success
0,v4_0033,f04_targets,GithubActions,2,v3_0003,2026-06-22T15:20:44.019112+00:00,2026-06-22T15:31:32.282639+00:00,2026-06-22T15:33:44.627930+00:00,648,132,780,success
0,v4_0036,f04_targets,GithubActions,2,v3_0003,2026-06-22T15:20:44.734058+00:00,2026-06-22T15:32:21.190061+00:00,2026-06-22T15:34:19.825633+00:00,696,118,815,success
0,v4_0038,f04_targets,GithubActions,2,v3_0002,2026-06-22T15:20:45.412724+00:00,2026-06-22T15:32:51.614484+00:00,2026-06-22T15:34:41.817433+00:00,726,110,836,success
0,v4_0037,f04_targets,GithubActions,2,v3_0001,2026-06-22T15:20:45.035736+00:00,2026-06-22T15:32:31.108195+00:00,2026-06-22T15:34:52.692024+00:00,706,141,847,success
0,v4_0035,f04_targets,GithubActions,2,v3_0002,2026-06-22T15:20:44.501922+00:00,2026-06-22T15:32:02.049867+00:00,2026-06-22T15:34:52.812677+00:00,677,170,848,success
0,v4_0041,f04_targets,GithubActions,2,v3_0002,2026-06-22T15:20:46.204357+00:00,2026-06-22T15:33:39.819360+00:00,2026-06-22T15:35:49.368565+00:00,773,129,903,success
0,v4_0040,f04_targets,GithubActions,2,v3_0001,2026-06-22T15:20:45.941806+00:00,2026-06-22T15:33:20.539078+00:00,2026-06-22T15:35:49.370191+00:00,754,148,903,success
0,v4_0042,f04_targets,GithubActions,2,v3_0003,2026-06-22T15:20:46.452045+00:00,2026-06-22T15:33:52.249214+00:00,2026-06-22T15:36:01.121195+00:00,785,128,914,success
0,v4_0039,f04_targets,GithubActions,2,v3_0003,2026-06-22T15:20:45.683172+00:00,2026-06-22T15:33:10.482155+00:00,2026-06-22T15:36:01.260997+00:00,744,170,915,success
0,v4_0044,f04_targets,GithubActions,2,v3_0002,2026-06-22T15:20:46.973580+00:00,2026-06-22T15:34:30.957016+00:00,2026-06-22T15:36:34.128020+00:00,823,123,947,success
0,v4_0043,f04_targets,GithubActions,2,v3_0001,2026-06-22T15:20:46.693099+00:00,2026-06-22T15:34:12.089499+00:00,2026-06-22T15:36:45.360712+00:00,805,153,958,success
0,v4_0045,f04_targets,GithubActions,2,v3_0003,2026-06-22T15:20:47.237078+00:00,2026-06-22T15:34:49.919875+00:00,2026-06-22T15:36:45.578984+00:00,842,115,958,success
0,v4_0046,f04_targets,GithubActions,2,v3_0001,2026-06-22T15:20:47.523116+00:00,2026-06-22T15:35:09.667333+00:00,2026-06-22T15:37:32.369717+00:00,862,142,1004,success
0,v4_0047,f04_targets,GithubActions,2,v3_0002,2026-06-22T15:20:47.775988+00:00,2026-06-22T15:35:27.879356+00:00,2026-06-22T15:37:32.470567+00:00,880,124,1004,success
0,v4_0048,f04_targets,GithubActions,2,v3_0003,2026-06-22T15:20:48.037651+00:00,2026-06-22T15:35:46.599108+00:00,2026-06-22T15:37:32.471491+00:00,898,105,1004,success
0,v4_0050,f04_targets,GithubActions,2,v3_0002,2026-06-22T15:20:48.614404+00:00,2026-06-22T15:36:27.176432+00:00,2026-06-22T15:38:07.825745+00:00,938,100,1039,success
0,v4_0049,f04_targets,GithubActions,2,v3_0001,2026-06-22T15:20:48.316758+00:00,2026-06-22T15:36:06.280156+00:00,2026-06-22T15:38:07.825989+00:00,917,121,1039,success
0,v4_0051,f04_targets,GithubActions,2,v3_0003,2026-06-22T15:20:48.879937+00:00,2026-06-22T15:36:46.858445+00:00,2026-06-22T15:38:41.907261+00:00,957,115,1073,success
0,v4_0053,f04_targets,GithubActions,2,v3_0002,2026-06-22T15:20:49.449074+00:00,2026-06-22T15:37:21.479123+00:00,2026-06-22T15:39:14.896176+00:00,992,113,1105,success
0,v4_0052,f04_targets,GithubActions,2,v3_0001,2026-06-22T15:20:49.154795+00:00,2026-06-22T15:37:11.059275+00:00,2026-06-22T15:39:26.826920+00:00,981,135,1117,success
0,v4_0055,f04_targets,GithubActions,2,v3_0004,2026-06-22T15:20:50.003990+00:00,2026-06-22T15:37:46.031225+00:00,2026-06-22T15:39:37.755256+00:00,1016,111,1127,success
0,v4_0054,f04_targets,GithubActions,2,v3_0003,2026-06-22T15:20:49.720762+00:00,2026-06-22T15:37:31.187892+00:00,2026-06-22T15:39:37.755000+00:00,1001,126,1128,success
0,v4_0056,f04_targets,GithubActions,2,v3_0005,2026-06-22T15:20:50.789721+00:00,2026-06-22T15:38:05.718891+00:00,2026-06-22T15:40:32.452688+00:00,1034,146,1181,success
0,v4_0059,f04_targets,GithubActions,2,v3_0005,2026-06-22T15:20:52.031507+00:00,2026-06-22T15:38:37.130829+00:00,2026-06-22T15:40:43.333811+00:00,1065,126,1191,success
0,v4_0057,f04_targets,GithubActions,2,v3_0006,2026-06-22T15:20:51.333404+00:00,2026-06-22T15:38:15.608145+00:00,2026-06-22T15:40:55.557193+00:00,1044,159,1204,success
0,v4_0060,f04_targets,GithubActions,2,v3_0006,2026-06-22T15:20:52.423680+00:00,2026-06-22T15:38:48.011070+00:00,2026-06-22T15:40:55.640674+00:00,1075,127,1203,success
0,v4_0058,f04_targets,GithubActions,2,v3_0004,2026-06-22T15:20:51.718212+00:00,2026-06-22T15:38:25.743436+00:00,2026-06-22T15:40:55.640888+00:00,1054,149,1203,success
0,v4_0061,f04_targets,GithubActions,2,v3_0004,2026-06-22T15:20:52.836569+00:00,2026-06-22T15:38:58.917775+00:00,2026-06-22T15:41:29.821894+00:00,1086,150,1236,success
0,v4_0062,f04_targets,GithubActions,2,v3_0005,2026-06-22T15:20:53.248694+00:00,2026-06-22T15:39:17.722500+00:00,2026-06-22T15:41:41.217271+00:00,1104,143,1247,success
0,v4_0064,f04_targets,GithubActions,2,v3_0004,2026-06-22T15:20:54.023421+00:00,2026-06-22T15:39:38.324468+00:00,2026-06-22T15:41:52.146566+00:00,1124,133,1258,success
0,v4_0063,f04_targets,GithubActions,2,v3_0006,2026-06-22T15:20:53.670007+00:00,2026-06-22T15:39:27.708163+00:00,2026-06-22T15:41:52.225713+00:00,1114,144,1258,success
0,v4_0065,f04_targets,GithubActions,2,v3_0005,2026-06-22T15:20:54.830445+00:00,2026-06-22T15:39:57.856858+00:00,2026-06-22T15:42:29.095535+00:00,1143,151,1294,success
0,v4_0066,f04_targets,GithubActions,2,v3_0006,2026-06-22T15:20:55.529265+00:00,2026-06-22T15:40:16.406962+00:00,2026-06-22T15:42:40.410246+00:00,1160,144,1304,success
0,v4_0067,f04_targets,GithubActions,2,v3_0004,2026-06-22T15:20:55.948313+00:00,2026-06-22T15:40:26.127099+00:00,2026-06-22T15:43:06.269945+00:00,1170,160,1330,success
0,v4_0069,f04_targets,GithubActions,2,v3_0006,2026-06-22T15:20:56.660335+00:00,2026-06-22T15:40:55.835465+00:00,2026-06-22T15:43:17.729910+00:00,1199,141,1341,success
0,v4_0071,f04_targets,GithubActions,2,v3_0005,2026-06-22T15:20:57.445407+00:00,2026-06-22T15:41:27.366706+00:00,2026-06-22T15:43:44.453494+00:00,1229,137,1367,success
0,v4_0068,f04_targets,GithubActions,2,v3_0005,2026-06-22T15:20:56.277940+00:00,2026-06-22T15:40:45.109838+00:00,2026-06-22T15:43:44.453221+00:00,1188,179,1368,success
0,v4_0070,f04_targets,GithubActions,2,v3_0004,2026-06-22T15:20:57.057672+00:00,2026-06-22T15:41:16.632189+00:00,2026-06-22T15:43:44.471280+00:00,1219,147,1367,success
0,v4_0072,f04_targets,GithubActions,2,v3_0006,2026-06-22T15:20:58.202485+00:00,2026-06-22T15:41:36.966345+00:00,2026-06-22T15:43:44.622599+00:00,1238,127,1366,success
0,v4_0081,f04_targets,GithubActions,2,v3_0006,2026-06-22T15:21:00.742675+00:00,,2026-06-22T15:44:05.334690+00:00,,,1384,failed
0,v4_0076,f04_targets,GithubActions,2,v3_0004,2026-06-22T15:20:59.323785+00:00,2026-06-22T15:42:29.911516+00:00,2026-06-22T15:44:23.668283+00:00,1290,113,1404,success
0,v4_0073,f04_targets,GithubActions,2,v3_0004,2026-06-22T15:20:58.481126+00:00,2026-06-22T15:41:57.307598+00:00,2026-06-22T15:44:23.643794+00:00,1258,146,1405,success
0,v4_0078,f04_targets,GithubActions,2,v3_0006,2026-06-22T15:20:59.891014+00:00,2026-06-22T15:43:01.977037+00:00,2026-06-22T15:44:55.378488+00:00,1322,113,1435,success
0,v4_0074,f04_targets,GithubActions,2,v3_0005,2026-06-22T15:20:58.751154+00:00,2026-06-22T15:42:08.045188+00:00,2026-06-22T15:44:55.379037+00:00,1269,167,1436,success
0,v4_0079,f04_targets,GithubActions,2,v3_0004,2026-06-22T15:21:00.146609+00:00,2026-06-22T15:43:24.756739+00:00,2026-06-22T15:45:20.030525+00:00,1344,115,1459,success
0,v4_0075,f04_targets,GithubActions,2,v3_0006,2026-06-22T15:20:59.015760+00:00,2026-06-22T15:42:20.250340+00:00,2026-06-22T15:45:20.067017+00:00,1281,179,1461,success
0,v4_0077,f04_targets,GithubActions,2,v3_0005,2026-06-22T15:20:59.611817+00:00,2026-06-22T15:42:51.795992+00:00,2026-06-22T15:45:20.051599+00:00,1312,148,1460,success
0,v4_0080,f04_targets,GithubActions,2,v3_0005,2026-06-22T15:21:00.479256+00:00,2026-06-22T15:43:38.046236+00:00,2026-06-22T15:46:26.879794+00:00,1357,168,1526,success
0,v4_0083,f04_targets,GithubActions,2,v3_0005,2026-06-22T15:21:01.411643+00:00,2026-06-22T15:44:26.156535+00:00,2026-06-22T15:46:26.962545+00:00,1404,120,1525,success
0,v4_0096,f04_targets,GithubActions,2,v3_0006,2026-06-22T15:21:06.100046+00:00,,2026-06-22T15:46:51.867865+00:00,,,1545,failed
0,v4_0086,f04_targets,GithubActions,2,v3_0005,2026-06-22T15:21:02.608291+00:00,2026-06-22T15:45:07.373804+00:00,2026-06-22T15:47:09.285486+00:00,1444,121,1566,success
0,v4_0085,f04_targets,GithubActions,2,v3_0004,2026-06-22T15:21:02.252710+00:00,2026-06-22T15:44:51.510128+00:00,2026-06-22T15:47:09.281337+00:00,1429,137,1567,success
0,v4_0084,f04_targets,GithubActions,2,v3_0006,2026-06-22T15:21:01.904590+00:00,2026-06-22T15:44:39.872443+00:00,2026-06-22T15:47:09.311390+00:00,1417,149,1567,success
0,v4_0102,f04_targets,GithubActions,2,v3_0006,2026-06-22T15:21:07.899560+00:00,,2026-06-22T15:47:40.683419+00:00,,,1592,failed
0,v4_0089,f04_targets,GithubActions,2,v3_0005,2026-06-22T15:21:03.598162+00:00,2026-06-22T15:45:39.826888+00:00,2026-06-22T15:48:01.244290+00:00,1476,141,1617,success
0,v4_0087,f04_targets,GithubActions,2,v3_0006,2026-06-22T15:21:02.934976+00:00,2026-06-22T15:45:14.511534+00:00,2026-06-22T15:48:01.245608+00:00,1451,166,1618,success
0,v4_0090,f04_targets,GithubActions,2,v3_0006,2026-06-22T15:21:04.187350+00:00,2026-06-22T15:45:50.066046+00:00,2026-06-22T15:48:01.251670+00:00,1485,131,1617,success
0,v4_0093,f04_targets,GithubActions,2,v3_0006,2026-06-22T15:21:05.225854+00:00,2026-06-22T15:46:25.496581+00:00,2026-06-22T15:48:28.525015+00:00,1520,123,1643,success
0,v4_0108,f04_targets,GithubActions,2,v3_0006,2026-06-22T15:21:09.748558+00:00,,2026-06-22T15:48:43.689625+00:00,,,1653,failed
0,v4_0091,f04_targets,GithubActions,2,v3_0004,2026-06-22T15:21:04.513152+00:00,2026-06-22T15:46:02.458802+00:00,2026-06-22T15:48:49.411868+00:00,1497,166,1664,success
0,v4_0094,f04_targets,GithubActions,2,v3_0004,2026-06-22T15:21:05.499364+00:00,2026-06-22T15:46:35.472607+00:00,2026-06-22T15:48:49.413384+00:00,1529,133,1663,success
0,v4_0092,f04_targets,GithubActions,2,v3_0005,2026-06-22T15:21:04.866919+00:00,2026-06-22T15:46:19.216876+00:00,2026-06-22T15:49:17.407955+00:00,1514,178,1692,success
0,v4_0095,f04_targets,GithubActions,2,v3_0005,2026-06-22T15:21:05.819852+00:00,2026-06-22T15:46:45.101085+00:00,2026-06-22T15:49:18.264362+00:00,1539,153,1692,success
0,v4_0101,f04_targets,GithubActions,2,v3_0005,2026-06-22T15:21:07.601780+00:00,2026-06-22T15:47:11.156454+00:00,2026-06-22T15:49:19.701899+00:00,1563,128,1692,success
0,v4_0107,f04_targets,GithubActions,2,v3_0005,2026-06-22T15:21:09.433805+00:00,,2026-06-22T15:49:20.284721+00:00,,,1690,failed
0,v4_0034,f04_targets,GithubActions,2,v3_0001,2026-06-22T15:20:44.258972+00:00,2026-06-22T15:31:43.423834+00:00,2026-06-22T15:54:15.932158+00:00,659,1352,2011,success
0,v4_0088,f04_targets,GithubActions,2,v3_0004,2026-06-22T15:21:03.247039+00:00,2026-06-22T15:54:23.082148+00:00,2026-06-22T15:56:16.657157+00:00,1999,113,2113,success
0,v4_0082,f04_targets,GithubActions,2,v3_0004,2026-06-22T15:21:01.108677+00:00,2026-06-22T16:02:24.091738+00:00,2026-06-22T16:04:56.485502+00:00,2482,152,2635,success
0,v5_0001,f05_modeling,GithubActions,2,v4_0001,2026-06-22T16:05:10.927331+00:00,2026-06-22T16:05:29.708895+00:00,2026-06-22T16:06:51.525981+00:00,18,81,100,failed
0,v5_0002,f05_modeling,GithubActions,2,v4_0002,2026-06-22T16:05:13.400734+00:00,2026-06-22T16:05:39.319568+00:00,2026-06-22T16:07:04.263180+00:00,25,84,110,failed
0,v5_0004,f05_modeling,GithubActions,2,v4_0004,2026-06-22T16:05:18.000095+00:00,2026-06-22T16:05:58.603079+00:00,2026-06-22T16:07:15.165326+00:00,40,76,117,failed
0,v5_0005,f05_modeling,GithubActions,2,v4_0005,2026-06-22T16:05:20.896031+00:00,2026-06-22T16:06:08.696999+00:00,2026-06-22T16:07:49.587643+00:00,47,100,148,failed
0,v5_0006,f05_modeling,GithubActions,2,v4_0006,2026-06-22T16:05:23.037198+00:00,2026-06-22T16:06:18.475711+00:00,2026-06-22T16:08:03.341613+00:00,55,104,160,failed
0,v5_0010,f05_modeling,GithubActions,2,v4_0010,2026-06-22T16:05:32.512189+00:00,2026-06-22T16:07:20.799119+00:00,2026-06-22T16:08:37.039058+00:00,108,76,184,failed
0,v5_0009,f05_modeling,GithubActions,2,v4_0009,2026-06-22T16:05:29.943948+00:00,2026-06-22T16:07:08.323993+00:00,2026-06-22T16:15:49.603786+00:00,98,521,619,success
0,v5_0003,f05_modeling,GithubActions,2,v4_0003,2026-06-22T16:05:15.398594+00:00,2026-06-22T16:05:48.926796+00:00,2026-06-22T16:21:02.923784+00:00,33,913,947,success
0,v5_0008,f05_modeling,GithubActions,2,v4_0008,2026-06-22T16:05:27.649848+00:00,2026-06-22T16:06:48.099289+00:00,2026-06-22T16:25:21.376459+00:00,80,1113,1193,success
0,v5_0011,f05_modeling,GithubActions,2,v4_0011,2026-06-22T16:05:34.925747+00:00,2026-06-22T16:07:32.445341+00:00,2026-06-22T16:26:22.490545+00:00,117,1130,1247,success
0,v5_0012,f05_modeling,GithubActions,2,v4_0012,2026-06-22T16:05:37.285431+00:00,2026-06-22T16:07:50.852307+00:00,2026-06-22T16:26:22.490736+00:00,133,1111,1245,success
0,v5_0015,f05_modeling,GithubActions,2,v4_0015,2026-06-22T16:05:43.863889+00:00,2026-06-22T16:08:42.761661+00:00,2026-06-22T16:28:34.982136+00:00,178,1192,1371,success
0,v5_0017,f05_modeling,GithubActions,2,v4_0017,2026-06-22T16:05:47.502984+00:00,2026-06-22T16:09:12.382593+00:00,2026-06-22T16:29:21.457421+00:00,204,1209,1413,success
0,v5_0014,f05_modeling,GithubActions,2,v4_0014,2026-06-22T16:05:41.953112+00:00,2026-06-22T16:08:24.216354+00:00,2026-06-22T16:29:35.768885+00:00,162,1271,1433,success
0,v5_0020,f05_modeling,GithubActions,2,v4_0020,2026-06-22T16:05:53.064806+00:00,2026-06-22T16:09:51.837585+00:00,2026-06-22T16:29:56.876085+00:00,238,1205,1443,success
0,v5_0016,f05_modeling,GithubActions,2,v4_0016,2026-06-22T16:05:45.675514+00:00,2026-06-22T16:08:54.000828+00:00,2026-06-22T16:30:45.280068+00:00,188,1311,1499,success
0,v5_0007,f05_modeling,GithubActions,2,v4_0007,2026-06-22T16:05:25.368905+00:00,2026-06-22T16:06:28.325327+00:00,2026-06-22T16:30:57.370866+00:00,62,1469,1532,success
0,v5_0013,f05_modeling,GithubActions,2,v4_0013,2026-06-22T16:05:39.899536+00:00,2026-06-22T16:08:03.971037+00:00,2026-06-22T16:31:08.696783+00:00,144,1384,1528,success
0,v5_0022,f05_modeling,GithubActions,2,v4_0022,2026-06-22T16:33:17.821809+00:00,2026-06-22T16:33:44.247546+00:00,2026-06-22T16:34:58.489140+00:00,26,74,100,failed
0,v5_0024,f05_modeling,GithubActions,2,v4_0024,2026-06-22T16:33:21.333908+00:00,2026-06-22T16:34:20.659947+00:00,2026-06-22T16:35:32.975698+00:00,59,72,131,failed
0,v5_0023,f05_modeling,GithubActions,2,v4_0023,2026-06-22T16:33:19.355674+00:00,2026-06-22T16:34:02.528570+00:00,2026-06-22T16:35:55.979989+00:00,43,113,156,failed
0,v5_0025,f05_modeling,GithubActions,2,v4_0025,2026-06-22T16:33:24.175144+00:00,2026-06-22T16:34:38.986125+00:00,2026-06-22T16:35:56.042231+00:00,74,77,151,failed
0,v5_0026,f05_modeling,GithubActions,2,v4_0026,2026-06-22T16:33:27.599866+00:00,2026-06-22T16:34:57.244484+00:00,2026-06-22T16:36:17.504039+00:00,89,80,169,failed
0,v5_0027,f05_modeling,GithubActions,2,v4_0027,2026-06-22T16:33:30.758583+00:00,2026-06-22T16:35:10.927914+00:00,2026-06-22T16:44:47.147484+00:00,100,576,676,success
0,v5_0021,f05_modeling,GithubActions,2,v4_0021,2026-06-22T16:33:15.975171+00:00,2026-06-22T16:33:34.440773+00:00,2026-06-22T16:46:36.132799+00:00,18,781,800,success
0,v5_0030,f05_modeling,GithubActions,2,v4_0030,2026-06-22T16:33:38.805753+00:00,2026-06-22T16:35:58.594562+00:00,2026-06-22T16:47:52.498648+00:00,139,713,853,success
0,v5_0029,f05_modeling,GithubActions,2,v4_0029,2026-06-22T16:33:36.521011+00:00,2026-06-22T16:35:48.596212+00:00,2026-06-22T16:48:36.751769+00:00,132,768,900,success
0,v5_0028,f05_modeling,GithubActions,2,v4_0028,2026-06-22T16:33:33.708062+00:00,2026-06-22T16:35:29.572889+00:00,2026-06-22T16:49:31.533098+00:00,115,841,957,success
0,v5_0019,f05_modeling,GithubActions,2,v4_0019,2026-06-22T16:05:51.226911+00:00,2026-06-22T16:09:42.275978+00:00,2026-06-22T16:55:52.037080+00:00,231,2769,3000,success
0,v5_0031,f05_modeling,GithubActions,2,v4_0031,2026-06-22T17:55:26.560934+00:00,2026-06-22T17:55:36.480243+00:00,2026-06-22T17:56:55.558971+00:00,9,79,88,failed
0,v5_0033,f05_modeling,GithubActions,2,v4_0033,2026-06-22T17:55:30.554465+00:00,2026-06-22T17:55:56.579038+00:00,2026-06-22T17:57:29.441653+00:00,26,92,118,failed
0,v5_0032,f05_modeling,GithubActions,2,v4_0032,2026-06-22T17:55:28.593926+00:00,2026-06-22T17:55:46.422152+00:00,2026-06-22T17:57:29.524636+00:00,17,103,120,failed
0,v5_0035,f05_modeling,GithubActions,2,v4_0035,2026-06-22T17:55:34.239643+00:00,2026-06-22T17:56:11.398229+00:00,2026-06-22T17:57:41.256770+00:00,37,89,127,failed
0,v5_0034,f05_modeling,GithubActions,2,v4_0034,2026-06-22T17:55:32.360776+00:00,2026-06-22T17:56:06.665970+00:00,2026-06-22T17:57:41.256964+00:00,34,94,128,failed
0,v5_0036,f05_modeling,GithubActions,2,v4_0036,2026-06-22T17:55:36.138691+00:00,2026-06-22T17:56:21.209736+00:00,2026-06-22T17:57:41.488035+00:00,45,80,125,failed
0,v5_0038,f05_modeling,GithubActions,2,v4_0038,2026-06-22T17:55:40.010861+00:00,2026-06-22T17:56:41.198098+00:00,2026-06-22T17:57:53.905233+00:00,61,72,133,failed
0,v5_0037,f05_modeling,GithubActions,2,v4_0037,2026-06-22T17:55:37.825041+00:00,2026-06-22T17:56:31.266452+00:00,2026-06-22T17:58:08.667384+00:00,53,97,150,failed
0,v5_0046,f05_modeling,GithubActions,2,v4_0046,2026-06-22T17:55:56.602806+00:00,,2026-06-22T17:58:24.695447+00:00,,,148,failed
0,v5_0039,f05_modeling,GithubActions,2,v4_0039,2026-06-22T17:55:41.767924+00:00,2026-06-22T17:56:51.444189+00:00,2026-06-22T17:58:39.124377+00:00,69,107,177,failed
0,v5_0040,f05_modeling,GithubActions,2,v4_0040,2026-06-22T17:55:43.770130+00:00,2026-06-22T17:57:01.610228+00:00,2026-06-22T17:58:39.126334+00:00,77,97,175,failed
0,v5_0048,f05_modeling,GithubActions,2,v4_0048,2026-06-22T17:56:00.771139+00:00,,2026-06-22T17:58:54.736584+00:00,,,173,failed
0,v5_0041,f05_modeling,GithubActions,2,v4_0041,2026-06-22T17:55:45.970176+00:00,2026-06-22T17:57:20.005347+00:00,2026-06-22T17:58:55.586630+00:00,94,95,189,failed
0,v5_0043,f05_modeling,GithubActions,2,v4_0043,2026-06-22T17:55:50.309451+00:00,2026-06-22T17:57:42.012928+00:00,2026-06-22T17:59:12.701708+00:00,111,90,202,failed
0,v5_0042,f05_modeling,GithubActions,2,v4_0042,2026-06-22T17:55:48.124054+00:00,2026-06-22T17:57:30.046129+00:00,2026-06-22T17:59:12.700521+00:00,101,102,204,failed
0,v5_0052,f05_modeling,GithubActions,2,v4_0052,2026-06-22T17:56:10.864450+00:00,,2026-06-22T17:59:48.838953+00:00,,,217,failed
0,v5_0047,f05_modeling,GithubActions,2,v4_0047,2026-06-22T17:55:58.922425+00:00,2026-06-22T17:58:36.372177+00:00,2026-06-22T18:00:00.091060+00:00,157,83,241,failed
0,v5_0054,f05_modeling,GithubActions,2,v4_0054,2026-06-22T17:56:14.778934+00:00,,2026-06-22T18:00:17.101379+00:00,,,242,failed
0,v5_0050,f05_modeling,GithubActions,2,v4_0050,2026-06-22T17:56:04.776133+00:00,2026-06-22T17:59:13.870645+00:00,2026-06-22T18:00:29.281942+00:00,189,75,264,failed
0,v5_0051,f05_modeling,GithubActions,2,v4_0051,2026-06-22T17:56:07.537828+00:00,2026-06-22T17:59:29.179448+00:00,2026-06-22T18:00:41.726805+00:00,201,72,274,failed
0,v5_0056,f05_modeling,GithubActions,2,v4_0056,2026-06-22T17:56:19.951799+00:00,2026-06-22T18:00:41.792982+00:00,2026-06-22T18:01:57.314301+00:00,261,75,337,failed
0,v5_0055,f05_modeling,GithubActions,2,v4_0055,2026-06-22T17:56:17.031184+00:00,2026-06-22T18:00:29.279929+00:00,2026-06-22T18:02:08.481217+00:00,252,99,351,failed
0,v5_0058,f05_modeling,GithubActions,2,v4_0058,2026-06-22T17:56:24.055179+00:00,2026-06-22T18:01:51.951514+00:00,2026-06-22T18:03:06.965881+00:00,327,75,402,failed
0,v5_0059,f05_modeling,GithubActions,2,v4_0059,2026-06-22T17:56:26.076793+00:00,2026-06-22T18:02:02.757208+00:00,2026-06-22T18:03:18.243717+00:00,336,75,412,failed
0,v5_0060,f05_modeling,GithubActions,2,v4_0060,2026-06-22T17:56:28.024694+00:00,2026-06-22T18:02:15.413146+00:00,2026-06-22T18:03:32.557811+00:00,347,77,424,failed
0,v5_0064,f05_modeling,GithubActions,2,v4_0064,2026-06-22T17:56:36.561192+00:00,2026-06-22T18:03:18.252922+00:00,2026-06-22T18:04:38.504072+00:00,401,80,481,failed
0,v5_0044,f05_modeling,GithubActions,2,v4_0044,2026-06-22T17:55:52.345619+00:00,2026-06-22T17:57:56.973387+00:00,2026-06-22T18:07:33.921878+00:00,124,576,701,success
0,v5_0045,f05_modeling,GithubActions,2,v4_0045,2026-06-22T17:55:54.472395+00:00,2026-06-22T17:58:09.484230+00:00,2026-06-22T18:08:44.886621+00:00,135,635,770,success
0,v5_0076,f05_modeling,GithubActions,2,v4_0076,2026-06-22T17:57:01.314461+00:00,2026-06-22T18:05:52.633673+00:00,2026-06-22T18:09:22.974787+00:00,531,210,741,failed
0,v5_0077,f05_modeling,GithubActions,2,v4_0077,2026-06-22T17:57:03.457462+00:00,2026-06-22T18:07:45.765557+00:00,2026-06-22T18:09:59.069732+00:00,642,133,775,failed
0,v5_0053,f05_modeling,GithubActions,2,v4_0053,2026-06-22T17:56:12.561250+00:00,2026-06-22T18:00:03.982100+00:00,2026-06-22T18:10:23.374925+00:00,231,619,850,success
0,v5_0078,f05_modeling,GithubActions,2,v4_0078,2026-06-22T17:57:06.174831+00:00,2026-06-22T18:08:56.857557+00:00,2026-06-22T18:11:00.807309+00:00,710,123,834,failed
0,v5_0079,f05_modeling,GithubActions,2,v4_0079,2026-06-22T17:57:09.423290+00:00,2026-06-22T18:09:34.759741+00:00,2026-06-22T18:11:12.346188+00:00,745,97,842,failed
0,v5_0080,f05_modeling,GithubActions,2,v4_0080,2026-06-22T17:57:12.400506+00:00,2026-06-22T18:10:11.190531+00:00,2026-06-22T18:11:42.017073+00:00,778,90,869,failed
0,v5_0057,f05_modeling,GithubActions,2,v4_0057,2026-06-22T17:56:21.863816+00:00,2026-06-22T18:00:52.814856+00:00,2026-06-22T18:16:45.616811+00:00,270,952,1223,success
0,v5_0085,f05_modeling,GithubActions,2,v4_0085,2026-06-22T17:57:22.413289+00:00,2026-06-22T18:16:59.461706+00:00,2026-06-22T18:18:22.130862+00:00,1177,82,1259,failed
0,v5_0086,f05_modeling,GithubActions,2,v4_0086,2026-06-22T17:57:24.387524+00:00,2026-06-22T18:17:16.868750+00:00,2026-06-22T18:18:47.562098+00:00,1192,90,1283,failed
0,v5_0063,f05_modeling,GithubActions,2,v4_0063,2026-06-22T17:56:34.509730+00:00,2026-06-22T18:03:06.977802+00:00,2026-06-22T18:19:28.011864+00:00,392,981,1373,success
0,v5_0087,f05_modeling,GithubActions,2,v4_0087,2026-06-22T17:57:26.262517+00:00,2026-06-22T18:18:34.100760+00:00,2026-06-22T18:20:05.049515+00:00,1267,90,1358,failed
0,v5_0088,f05_modeling,GithubActions,2,v4_0088,2026-06-22T17:57:28.207561+00:00,2026-06-22T18:19:20.142673+00:00,2026-06-22T18:20:30.441861+00:00,1311,70,1382,failed
0,v5_0089,f05_modeling,GithubActions,2,v4_0089,2026-06-22T17:57:30.383424+00:00,2026-06-22T18:19:33.675483+00:00,2026-06-22T18:21:02.012133+00:00,1323,88,1411,failed
0,v5_0090,f05_modeling,GithubActions,2,v4_0090,2026-06-22T17:57:32.573188+00:00,2026-06-22T18:20:17.325352+00:00,2026-06-22T18:21:42.320452+00:00,1364,84,1449,failed
0,v5_0091,f05_modeling,GithubActions,2,v4_0091,2026-06-22T17:57:34.909624+00:00,2026-06-22T18:20:52.091510+00:00,2026-06-22T18:22:19.909213+00:00,1397,87,1484,failed
0,v5_0092,f05_modeling,GithubActions,2,v4_0092,2026-06-22T17:57:38.601825+00:00,2026-06-22T18:21:14.365987+00:00,2026-06-22T18:22:45.077181+00:00,1415,90,1506,failed
0,v5_0093,f05_modeling,GithubActions,2,v4_0093,2026-06-22T17:57:42.903806+00:00,2026-06-22T18:21:54.204279+00:00,2026-06-22T18:23:13.192187+00:00,1451,78,1530,failed
0,v5_0065,f05_modeling,GithubActions,2,v4_0065,2026-06-22T17:56:38.588994+00:00,2026-06-22T18:03:32.489518+00:00,2026-06-22T18:23:41.367526+00:00,413,1208,1622,success
0,v5_0094,f05_modeling,GithubActions,2,v4_0094,2026-06-22T17:57:45.365747+00:00,2026-06-22T18:22:31.732193+00:00,2026-06-22T18:23:52.938149+00:00,1486,81,1567,failed
0,v5_0062,f05_modeling,GithubActions,2,v4_0062,2026-06-22T17:56:32.719414+00:00,2026-06-22T18:02:47.967421+00:00,2026-06-22T18:24:21.075589+00:00,375,1293,1668,success
0,v5_0068,f05_modeling,GithubActions,2,v4_0068,2026-06-22T17:56:44.261146+00:00,2026-06-22T18:04:16.247001+00:00,2026-06-22T18:27:35.899483+00:00,451,1399,1851,success
0,v5_0069,f05_modeling,GithubActions,2,v4_0069,2026-06-22T17:56:46.358917+00:00,2026-06-22T18:04:26.143517+00:00,2026-06-22T18:27:35.900387+00:00,459,1389,1849,success
0,v5_0066,f05_modeling,GithubActions,2,v4_0066,2026-06-22T17:56:40.422324+00:00,2026-06-22T18:03:44.671389+00:00,2026-06-22T18:28:12.674866+00:00,424,1468,1892,success
0,v5_0071,f05_modeling,GithubActions,2,v4_0071,2026-06-22T17:56:50.351873+00:00,2026-06-22T18:04:47.258369+00:00,2026-06-22T18:28:27.511044+00:00,476,1420,1897,success
0,v5_0061,f05_modeling,GithubActions,2,v4_0061,2026-06-22T17:56:30.517879+00:00,2026-06-22T18:02:27.531692+00:00,2026-06-22T18:29:53.341503+00:00,357,1645,2002,success
0,v5_0075,f05_modeling,GithubActions,2,v4_0075,2026-06-22T17:56:59.201992+00:00,2026-06-22T18:05:42.529814+00:00,2026-06-22T18:32:09.204176+00:00,523,1586,2110,success
0,v5_0067,f05_modeling,GithubActions,2,v4_0067,2026-06-22T17:56:42.496721+00:00,2026-06-22T18:04:02.355176+00:00,2026-06-22T18:32:38.102539+00:00,439,1715,2155,success
0,v5_0074,f05_modeling,GithubActions,2,v4_0074,2026-06-22T17:56:57.033385+00:00,2026-06-22T18:05:29.253727+00:00,2026-06-22T18:33:15.152930+00:00,512,1665,2178,success
0,v5_0081,f05_modeling,GithubActions,2,v4_0081,2026-06-22T17:57:14.487648+00:00,2026-06-22T18:10:37.092590+00:00,2026-06-22T18:34:23.655292+00:00,802,1426,2229,success
0,v5_0070,f05_modeling,GithubActions,2,v4_0070,2026-06-22T17:56:48.285272+00:00,2026-06-22T18:04:36.876631+00:00,2026-06-22T18:34:23.840764+00:00,468,1786,2255,success
0,v5_0084,f05_modeling,GithubActions,2,v4_0084,2026-06-22T17:57:20.560517+00:00,2026-06-22T18:11:57.603448+00:00,2026-06-22T18:34:34.818603+00:00,877,1357,2234,success
0,v5_0083,f05_modeling,GithubActions,2,v4_0083,2026-06-22T17:57:18.414914+00:00,2026-06-22T18:11:33.041286+00:00,2026-06-22T18:35:18.120276+00:00,854,1425,2279,success
0,v5_0073,f05_modeling,GithubActions,2,v4_0073,2026-06-22T17:56:54.617204+00:00,2026-06-22T18:05:10.052785+00:00,2026-06-22T18:35:18.213344+00:00,495,1808,2303,success
0,v5_0082,f05_modeling,GithubActions,2,v4_0082,2026-06-22T17:57:16.409742+00:00,2026-06-22T18:11:19.615707+00:00,2026-06-22T18:35:18.306064+00:00,843,1438,2281,success
0,v5_0049,f05_modeling,GithubActions,2,v4_0049,2026-06-22T17:56:02.673490+00:00,,2026-06-22T20:21:32.364621+00:00,,,8729,failed
0,v5_0107,f05_modeling,GithubActions,2,v4_0107,2026-06-22T17:58:49.788940+00:00,,2026-06-22T20:22:14.732216+00:00,,,8604,failed
0,v5_0102,f05_modeling,GithubActions,2,v4_0102,2026-06-22T17:58:24.697535+00:00,2026-06-22T20:21:55.518592+00:00,2026-06-22T20:23:15.503439+00:00,8610,79,8690,failed
0,v4_0097,f04_targets,GithubActions,2,v3_0004,2026-06-22T20:30:55.223231+00:00,2026-06-22T20:31:05.051459+00:00,2026-06-22T20:32:56.551656+00:00,9,111,121,success
0,v4_0104,f04_targets,GithubActions,2,v3_0005,2026-06-22T20:31:06.865839+00:00,2026-06-22T20:31:54.896456+00:00,2026-06-22T20:33:50.080937+00:00,48,115,163,success
0,v4_0103,f04_targets,GithubActions,2,v3_0004,2026-06-22T20:31:04.494006+00:00,2026-06-22T20:31:44.839476+00:00,2026-06-22T20:33:50.081191+00:00,40,125,165,success
0,v4_0099,f04_targets,GithubActions,2,v3_0006,2026-06-22T20:30:59.826489+00:00,2026-06-22T20:31:25.067725+00:00,2026-06-22T20:33:50.081310+00:00,25,145,170,success
0,v4_0100,f04_targets,GithubActions,2,v3_0004,2026-06-22T20:31:02.145589+00:00,2026-06-22T20:31:34.937146+00:00,2026-06-22T20:34:03.550548+00:00,32,148,181,success
0,v4_0098,f04_targets,GithubActions,2,v3_0005,2026-06-22T20:30:57.495233+00:00,2026-06-22T20:31:14.944035+00:00,2026-06-22T20:34:03.550190+00:00,17,168,186,success
0,v4_0105,f04_targets,GithubActions,2,v3_0006,2026-06-22T20:31:09.387948+00:00,2026-06-22T20:32:04.862102+00:00,2026-06-22T20:34:29.291585+00:00,55,144,199,success
0,v4_0106,f04_targets,GithubActions,2,v3_0004,2026-06-22T20:31:12.016891+00:00,2026-06-22T20:32:14.707581+00:00,2026-06-22T20:34:48.257551+00:00,62,153,216,success
0,v5_0095,f05_modeling,GithubActions,2,v4_0095,2026-06-22T20:35:41.952867+00:00,2026-06-22T20:43:35.039205+00:00,2026-06-22T20:44:53.587654+00:00,473,78,551,failed
0,v5_0096,f05_modeling,GithubActions,2,v4_0096,2026-06-22T20:35:44.670647+00:00,2026-06-22T20:43:45.343384+00:00,2026-06-22T20:45:04.403529+00:00,480,79,559,failed
0,v5_0097,f05_modeling,GithubActions,2,v4_0097,2026-06-22T20:35:47.616115+00:00,2026-06-22T20:43:59.062085+00:00,2026-06-22T20:45:17.880501+00:00,491,78,570,failed
0,v5_0100,f05_modeling,GithubActions,2,v4_0100,2026-06-22T20:35:55.078970+00:00,2026-06-22T20:44:28.982129+00:00,2026-06-22T20:45:47.223401+00:00,513,78,592,failed
0,v5_0098,f05_modeling,GithubActions,2,v4_0098,2026-06-22T20:35:50.471026+00:00,2026-06-22T20:44:08.911874+00:00,2026-06-22T20:45:47.222980+00:00,498,98,596,failed
0,v5_0101,f05_modeling,GithubActions,2,v4_0101,2026-06-22T20:35:55.200620+00:00,2026-06-22T20:44:38.819682+00:00,2026-06-22T20:45:59.487343+00:00,523,80,604,failed
0,v5_0104,f05_modeling,GithubActions,2,v4_0104,2026-06-22T20:36:22.517185+00:00,2026-06-22T20:44:59.652391+00:00,2026-06-22T20:46:24.661704+00:00,517,85,602,failed
0,v5_0103,f05_modeling,GithubActions,2,v4_0103,2026-06-22T20:36:19.517942+00:00,2026-06-22T20:44:48.694693+00:00,2026-06-22T20:46:24.662225+00:00,509,95,605,failed
0,v5_0105,f05_modeling,GithubActions,2,v4_0105,2026-06-22T20:36:25.088424+00:00,2026-06-22T20:45:17.388232+00:00,2026-06-22T20:46:45.204959+00:00,532,87,620,failed
0,v6_0007,f06_quant,GithubActions,2,v5_0007,2026-06-22T20:45:14.526383+00:00,2026-06-22T20:46:03.032933+00:00,2026-06-22T20:48:07.297367+00:00,48,124,172,success
0,v6_0008,f06_quant,GithubActions,2,v5_0008,2026-06-22T20:45:17.387586+00:00,2026-06-22T20:46:46.669193+00:00,2026-06-22T20:48:45.035797+00:00,89,118,207,success
0,v6_0003,f06_quant,GithubActions,2,v5_0003,2026-06-22T20:45:01.951815+00:00,2026-06-22T20:45:50.840296+00:00,2026-06-22T20:48:45.208795+00:00,48,174,223,success
0,v6_0009,f06_quant,GithubActions,2,v5_0009,2026-06-22T20:45:21.466484+00:00,2026-06-22T20:47:03.952344+00:00,2026-06-22T20:49:13.381222+00:00,102,129,231,success
0,v6_0012,f06_quant,GithubActions,2,v5_0012,2026-06-22T20:45:38.504817+00:00,2026-06-22T20:47:43.303321+00:00,2026-06-22T20:49:26.291453+00:00,124,102,227,success
0,v6_0013,f06_quant,GithubActions,2,v5_0013,2026-06-22T20:45:41.560847+00:00,2026-06-22T20:47:24.951994+00:00,2026-06-22T20:49:43.031853+00:00,103,138,241,success
0,v6_0011,f06_quant,GithubActions,2,v5_0011,2026-06-22T20:45:28.171650+00:00,2026-06-22T20:47:15.221348+00:00,2026-06-22T20:49:43.030539+00:00,107,147,254,success
0,v6_0014,f06_quant,GithubActions,2,v5_0014,2026-06-22T20:45:41.767706+00:00,2026-06-22T20:47:59.404305+00:00,2026-06-22T20:50:15.987724+00:00,137,136,274,success
0,v6_0015,f06_quant,GithubActions,2,v5_0015,2026-06-22T20:45:41.883770+00:00,2026-06-22T20:48:17.052796+00:00,2026-06-22T20:50:38.320045+00:00,155,141,296,success
0,v6_0016,f06_quant,GithubActions,2,v5_0016,2026-06-22T20:45:42.018973+00:00,2026-06-22T20:48:26.850964+00:00,2026-06-22T20:50:57.465237+00:00,164,150,315,success
0,v6_0017,f06_quant,GithubActions,2,v5_0017,2026-06-22T20:45:42.222589+00:00,2026-06-22T20:48:42.263131+00:00,2026-06-22T20:50:58.202132+00:00,180,135,315,success
0,v6_0045,f06_quant,GithubActions,2,v5_0045,2026-06-22T20:45:47.902260+00:00,,2026-06-22T20:51:03.543814+00:00,,,315,failed
0,v6_0052,f06_quant,GithubActions,2,v5_0052,2026-06-22T20:45:50.110087+00:00,,2026-06-22T20:51:03.852254+00:00,,,313,failed
0,v6_0019,f06_quant,GithubActions,2,v5_0019,2026-06-22T20:45:42.356845+00:00,2026-06-22T20:48:52.840072+00:00,2026-06-22T20:51:24.764853+00:00,190,151,342,success
0,v6_0020,f06_quant,GithubActions,2,v5_0020,2026-06-22T20:45:42.423723+00:00,2026-06-22T20:49:12.826303+00:00,2026-06-22T20:51:27.124160+00:00,210,134,344,success
0,v6_0021,f06_quant,GithubActions,2,v5_0021,2026-06-22T20:45:42.553874+00:00,2026-06-22T20:49:25.140246+00:00,2026-06-22T20:51:50.247743+00:00,222,145,367,success
0,v6_0027,f06_quant,GithubActions,2,v5_0027,2026-06-22T20:45:43.029490+00:00,2026-06-22T20:49:43.029884+00:00,2026-06-22T20:52:02.570080+00:00,240,139,379,success
0,v6_0028,f06_quant,GithubActions,2,v5_0028,2026-06-22T20:45:43.294806+00:00,2026-06-22T20:49:59.213510+00:00,2026-06-22T20:52:35.299093+00:00,255,156,412,success
0,v6_0029,f06_quant,GithubActions,2,v5_0029,2026-06-22T20:45:43.676279+00:00,2026-06-22T20:50:14.866748+00:00,2026-06-22T20:52:53.827926+00:00,271,158,430,success
0,v6_0030,f06_quant,GithubActions,2,v5_0030,2026-06-22T20:45:43.857145+00:00,2026-06-22T20:50:24.129743+00:00,2026-06-22T20:52:53.785181+00:00,280,149,429,success
0,v6_0044,f06_quant,GithubActions,2,v5_0044,2026-06-22T20:45:47.792952+00:00,2026-06-22T20:50:53.064514+00:00,2026-06-22T20:53:22.822179+00:00,305,149,455,success
0,v6_0047,f06_quant,GithubActions,2,v5_0047,2026-06-22T20:45:48.056886+00:00,,2026-06-22T20:55:03.064988+00:00,,,555,canceled
0,v6_0048,f06_quant,GithubActions,2,v5_0048,2026-06-22T20:45:48.126144+00:00,,2026-06-22T20:55:02.934007+00:00,,,554,canceled
0,v6_0046,f06_quant,GithubActions,2,v5_0046,2026-06-22T20:45:47.979406+00:00,,2026-06-22T20:55:04.908308+00:00,,,556,canceled
0,v6_0049,f06_quant,GithubActions,2,v5_0049,2026-06-22T20:45:48.219159+00:00,,2026-06-22T20:55:02.934499+00:00,,,554,canceled
0,v6_0043,f06_quant,GithubActions,2,v5_0043,2026-06-22T20:45:47.717765+00:00,,2026-06-22T20:55:04.964647+00:00,,,557,canceled
0,v6_0041,f06_quant,GithubActions,2,v5_0041,2026-06-22T20:45:47.568128+00:00,,2026-06-22T20:55:15.566709+00:00,,,567,canceled
0,v6_0042,f06_quant,GithubActions,2,v5_0042,2026-06-22T20:45:47.647792+00:00,,2026-06-22T20:55:15.240108+00:00,,,567,canceled
0,v6_0040,f06_quant,GithubActions,2,v5_0040,2026-06-22T20:45:47.506213+00:00,,2026-06-22T20:55:21.746552+00:00,,,574,canceled
0,v6_0036,f06_quant,GithubActions,2,v5_0036,2026-06-22T20:45:45.585526+00:00,,2026-06-22T20:55:37.122836+00:00,,,591,canceled
0,v6_0038,f06_quant,GithubActions,2,v5_0038,2026-06-22T20:45:47.226626+00:00,,2026-06-22T20:55:29.188442+00:00,,,581,canceled
0,v6_0039,f06_quant,GithubActions,2,v5_0039,2026-06-22T20:45:47.395710+00:00,,2026-06-22T20:55:29.211433+00:00,,,581,canceled
0,v6_0037,f06_quant,GithubActions,2,v5_0037,2026-06-22T20:45:46.488037+00:00,,2026-06-22T20:55:38.599073+00:00,,,592,canceled
0,v6_0033,f06_quant,GithubActions,2,v5_0033,2026-06-22T20:45:44.685162+00:00,,2026-06-22T20:55:55.823424+00:00,,,611,canceled
0,v6_0031,f06_quant,GithubActions,2,v5_0031,2026-06-22T20:45:44.079781+00:00,,2026-06-22T20:56:02.359724+00:00,,,618,canceled
0,v6_0026,f06_quant,GithubActions,2,v5_0026,2026-06-22T20:45:42.952141+00:00,,2026-06-22T20:56:02.567718+00:00,,,619,canceled
0,v6_0025,f06_quant,GithubActions,2,v5_0025,2026-06-22T20:45:42.861583+00:00,,2026-06-22T20:56:16.043418+00:00,,,633,canceled
0,v5_0099,f05_modeling,GithubActions,2,v4_0099,2026-06-22T20:35:53.233026+00:00,2026-06-22T20:44:19.052790+00:00,2026-06-22T20:56:38.484455+00:00,505,739,1245,success
0,v6_0022,f06_quant,GithubActions,2,v5_0022,2026-06-22T20:45:42.650261+00:00,,2026-06-22T20:56:36.877733+00:00,,,654,canceled
0,v6_0004,f06_quant,GithubActions,2,v5_0004,2026-06-22T20:45:04.546237+00:00,,2026-06-22T20:57:15.777918+00:00,,,731,canceled
0,v6_0001,f06_quant,GithubActions,2,v5_0001,2026-06-22T20:44:56.137862+00:00,,2026-06-22T20:57:21.863480+00:00,,,745,canceled
0,v5_0108,f05_modeling,GithubActions,2,v4_0108,2026-06-22T20:36:39.739993+00:00,2026-06-22T20:45:41.312161+00:00,2026-06-22T20:58:16.515731+00:00,541,755,1296,success
0,v5_0106,f05_modeling,GithubActions,2,v4_0106,2026-06-22T20:36:29.085771+00:00,2026-06-22T20:45:27.964687+00:00,2026-06-22T20:59:44.420093+00:00,538,856,1395,success
0,v6_0051,f06_quant,GithubActions,2,v5_0051,2026-06-22T20:45:49.732797+00:00,,2026-06-22T21:00:23.093448+00:00,,,873,canceled
0,v6_0034,f06_quant,GithubActions,2,v5_0034,2026-06-22T20:45:44.830369+00:00,,2026-06-22T21:00:23.105092+00:00,,,878,canceled
0,v6_0032,f06_quant,GithubActions,2,v5_0032,2026-06-22T20:45:44.429786+00:00,,2026-06-22T21:00:23.105511+00:00,,,878,canceled
0,v6_0023,f06_quant,GithubActions,2,v5_0023,2026-06-22T20:45:42.736233+00:00,,2026-06-22T21:00:26.251562+00:00,,,883,canceled
0,v6_0018,f06_quant,GithubActions,2,v5_0018,2026-06-22T20:45:42.282102+00:00,,2026-06-22T21:00:27.420527+00:00,,,885,canceled
0,v6_0006,f06_quant,GithubActions,2,v5_0006,2026-06-22T20:45:10.146707+00:00,,2026-06-22T21:00:28.134555+00:00,,,917,canceled
0,v6_0002,f06_quant,GithubActions,2,v5_0002,2026-06-22T20:44:59.590173+00:00,,2026-06-22T21:00:29.479802+00:00,,,929,canceled
0,v6_0050,f06_quant,GithubActions,2,v5_0050,2026-06-22T20:45:48.704760+00:00,,2026-06-22T21:00:52.298300+00:00,,,903,canceled
0,v6_0035,f06_quant,GithubActions,2,v5_0035,2026-06-22T20:45:45.005102+00:00,,2026-06-22T21:00:52.152192+00:00,,,907,canceled
0,v6_0024,f06_quant,GithubActions,2,v5_0024,2026-06-22T20:45:42.790646+00:00,,2026-06-22T21:01:18.954062+00:00,,,936,canceled
0,v6_0010,f06_quant,GithubActions,2,v5_0010,2026-06-22T20:45:24.930611+00:00,,2026-06-22T21:01:45.314561+00:00,,,980,canceled
0,v6_0005,f06_quant,GithubActions,2,v5_0005,2026-06-22T20:45:07.096541+00:00,,2026-06-22T21:01:46.078811+00:00,,,998,canceled
0,v6_0054,f06_quant,GithubActions,2,v5_0054,2026-06-22T21:09:41.916884+00:00,2026-06-22T21:09:59.265490+00:00,2026-06-22T21:12:06.801707+00:00,17,127,144,success
0,v6_0057,f06_quant,GithubActions,2,v5_0057,2026-06-22T21:09:50.708085+00:00,2026-06-22T21:10:09.399109+00:00,2026-06-22T21:12:35.699701+00:00,18,146,164,success
0,v6_0053,f06_quant,GithubActions,2,v5_0053,2026-06-22T21:09:38.786680+00:00,2026-06-22T21:09:49.124203+00:00,2026-06-22T21:12:35.699154+00:00,10,166,176,success
0,v6_0061,f06_quant,GithubActions,2,v5_0061,2026-06-22T21:10:02.135941+00:00,2026-06-22T21:10:19.218885+00:00,2026-06-22T21:12:38.794431+00:00,17,139,156,success
0,v6_0062,f06_quant,GithubActions,2,v5_0062,2026-06-22T21:10:05.137384+00:00,2026-06-22T21:10:28.981975+00:00,2026-06-22T21:12:56.748301+00:00,23,147,171,success
0,v6_0067,f06_quant,GithubActions,2,v5_0067,2026-06-22T21:10:19.477218+00:00,2026-06-22T21:11:08.360482+00:00,2026-06-22T21:13:31.273858+00:00,48,142,191,success
0,v6_0063,f06_quant,GithubActions,2,v5_0063,2026-06-22T21:10:08.140434+00:00,2026-06-22T21:10:38.805437+00:00,2026-06-22T21:13:31.388948+00:00,30,172,203,success
0,v6_0066,f06_quant,GithubActions,2,v5_0066,2026-06-22T21:10:16.861588+00:00,2026-06-22T21:10:58.632854+00:00,2026-06-22T21:13:31.387862+00:00,41,152,194,success
0,v6_0065,f06_quant,GithubActions,2,v5_0065,2026-06-22T21:10:13.964272+00:00,2026-06-22T21:10:48.622930+00:00,2026-06-22T21:13:56.567685+00:00,34,187,222,success
0,v6_0070,f06_quant,GithubActions,2,v5_0070,2026-06-22T21:10:27.386567+00:00,2026-06-22T21:11:38.098742+00:00,2026-06-22T21:13:56.567513+00:00,70,138,209,success
0,v6_0068,f06_quant,GithubActions,2,v5_0068,2026-06-22T21:10:22.311214+00:00,2026-06-22T21:11:18.316847+00:00,2026-06-22T21:13:56.567154+00:00,56,158,214,success
0,v6_0081,f06_quant,GithubActions,2,v5_0081,2026-06-22T21:10:51.131535+00:00,2026-06-22T21:12:43.580264+00:00,2026-06-22T21:14:43.199204+00:00,112,119,232,success
0,v6_0073,f06_quant,GithubActions,2,v5_0073,2026-06-22T21:10:33.817808+00:00,2026-06-22T21:11:57.861533+00:00,2026-06-22T21:14:42.541200+00:00,84,164,248,success
0,v6_0069,f06_quant,GithubActions,2,v5_0069,2026-06-22T21:10:25.063803+00:00,2026-06-22T21:11:28.242190+00:00,2026-06-22T21:14:42.489571+00:00,63,194,257,success
0,v6_0075,f06_quant,GithubActions,2,v5_0075,2026-06-22T21:10:38.011288+00:00,2026-06-22T21:12:13.108511+00:00,2026-06-22T21:15:15.409573+00:00,95,182,277,success
0,v5_0018,f05_modeling,GithubActions,2,v4_0018,2026-06-22T16:05:49.427790+00:00,2026-06-22T16:09:23.936727+00:00,2026-06-22T21:15:35.123699+00:00,214,18371,18585,failed
0,v6_0084,f06_quant,GithubActions,2,v5_0084,2026-06-22T21:10:59.195311+00:00,2026-06-22T21:13:12.864064+00:00,2026-06-22T21:15:35.141079+00:00,133,142,275,success
0,v6_0071,f06_quant,GithubActions,2,v5_0071,2026-06-22T21:10:29.484600+00:00,2026-06-22T21:11:47.890136+00:00,2026-06-22T21:15:35.101254+00:00,78,227,305,success
0,v6_0074,f06_quant,GithubActions,2,v5_0074,2026-06-22T21:10:35.860248+00:00,2026-06-22T21:12:01.954897+00:00,2026-06-22T21:15:35.084890+00:00,86,213,299,success
0,v6_0083,f06_quant,GithubActions,2,v5_0083,2026-06-22T21:10:56.266706+00:00,2026-06-22T21:12:59.409216+00:00,2026-06-22T21:15:35.141322+00:00,123,155,278,success
0,v6_0082,f06_quant,GithubActions,2,v5_0082,2026-06-22T21:10:53.908751+00:00,2026-06-22T21:12:43.556363+00:00,2026-06-22T21:15:35.093725+00:00,109,171,281,success
0,v6_0106,f06_quant,GithubActions,2,v5_0106,2026-06-22T21:11:57.948023+00:00,2026-06-22T21:13:31.389934+00:00,2026-06-22T21:16:23.444446+00:00,93,172,265,success
0,v6_0107,f06_quant,GithubActions,2,v5_0107,2026-06-22T21:12:01.305209+00:00,2026-06-22T21:14:24.993523+00:00,2026-06-22T21:16:24.170832+00:00,143,119,262,success
0,v6_0108,f06_quant,GithubActions,2,v5_0108,2026-06-22T21:12:04.703481+00:00,2026-06-22T21:14:34.061945+00:00,2026-06-22T21:16:43.927741+00:00,149,129,279,success
0,v6_0099,f06_quant,GithubActions,2,v5_0099,2026-06-22T21:11:37.268824+00:00,2026-06-22T21:13:23.609210+00:00,2026-06-22T21:17:09.594831+00:00,106,225,332,success
0,v6_0105,f06_quant,GithubActions,2,v5_0105,2026-06-22T21:11:55.244254+00:00,,2026-06-22T21:20:57.409023+00:00,,,542,canceled
0,v6_0104,f06_quant,GithubActions,2,v5_0104,2026-06-22T21:11:49.149984+00:00,,2026-06-22T21:20:57.413581+00:00,,,548,canceled
0,v6_0102,f06_quant,GithubActions,2,v5_0102,2026-06-22T21:11:44.053216+00:00,,2026-06-22T21:20:57.666511+00:00,,,553,canceled
0,v6_0101,f06_quant,GithubActions,2,v5_0101,2026-06-22T21:11:41.942111+00:00,,2026-06-22T21:20:57.827269+00:00,,,555,canceled
0,v6_0100,f06_quant,GithubActions,2,v5_0100,2026-06-22T21:11:40.141003+00:00,,2026-06-22T21:20:58.024434+00:00,,,557,canceled
0,v6_0098,f06_quant,GithubActions,2,v5_0098,2026-06-22T21:11:35.265781+00:00,,2026-06-22T21:20:59.058359+00:00,,,563,canceled
0,v6_0103,f06_quant,GithubActions,2,v5_0103,2026-06-22T21:11:46.322640+00:00,,2026-06-22T21:20:57.917516+00:00,,,551,canceled
0,v6_0097,f06_quant,GithubActions,2,v5_0097,2026-06-22T21:11:33.234133+00:00,,2026-06-22T21:21:00.066010+00:00,,,566,canceled
0,v6_0096,f06_quant,GithubActions,2,v5_0096,2026-06-22T21:11:30.661733+00:00,,2026-06-22T21:21:01.665478+00:00,,,571,canceled
0,v6_0095,f06_quant,GithubActions,2,v5_0095,2026-06-22T21:11:28.415911+00:00,,2026-06-22T21:21:02.140000+00:00,,,573,canceled
0,v6_0094,f06_quant,GithubActions,2,v5_0094,2026-06-22T21:11:26.536636+00:00,,2026-06-22T21:21:04.788815+00:00,,,578,canceled
0,v6_0093,f06_quant,GithubActions,2,v5_0093,2026-06-22T21:11:24.023892+00:00,,2026-06-22T21:21:05.857048+00:00,,,581,canceled
0,v6_0092,f06_quant,GithubActions,2,v5_0092,2026-06-22T21:11:20.440109+00:00,,2026-06-22T21:21:06.329840+00:00,,,585,canceled
0,v6_0091,f06_quant,GithubActions,2,v5_0091,2026-06-22T21:11:18.108632+00:00,,2026-06-22T21:21:07.075741+00:00,,,588,canceled
0,v6_0090,f06_quant,GithubActions,2,v5_0090,2026-06-22T21:11:15.669278+00:00,,2026-06-22T21:21:08.035652+00:00,,,592,canceled
0,v6_0089,f06_quant,GithubActions,2,v5_0089,2026-06-22T21:11:13.564700+00:00,,2026-06-22T21:21:09.623551+00:00,,,596,canceled
0,v6_0088,f06_quant,GithubActions,2,v5_0088,2026-06-22T21:11:10.662768+00:00,,2026-06-22T21:21:10.294323+00:00,,,599,canceled
0,v6_0087,f06_quant,GithubActions,2,v5_0087,2026-06-22T21:11:07.813722+00:00,,2026-06-22T21:21:10.384732+00:00,,,602,canceled
0,v6_0086,f06_quant,GithubActions,2,v5_0086,2026-06-22T21:11:05.073931+00:00,,2026-06-22T21:21:11.671160+00:00,,,606,canceled
0,v6_0085,f06_quant,GithubActions,2,v5_0085,2026-06-22T21:11:02.207763+00:00,,2026-06-22T21:21:13.373767+00:00,,,611,canceled
0,v6_0080,f06_quant,GithubActions,2,v5_0080,2026-06-22T21:10:48.988301+00:00,,2026-06-22T21:21:20.126584+00:00,,,631,canceled
0,v6_0078,f06_quant,GithubActions,2,v5_0078,2026-06-22T21:10:44.284117+00:00,,2026-06-22T21:21:37.397398+00:00,,,653,canceled
0,v6_0077,f06_quant,GithubActions,2,v5_0077,2026-06-22T21:10:42.325858+00:00,,2026-06-22T21:21:38.154157+00:00,,,655,canceled
0,v6_0064,f06_quant,GithubActions,2,v5_0064,2026-06-22T21:10:10.659896+00:00,,2026-06-22T21:22:01.986940+00:00,,,711,canceled
0,v6_0060,f06_quant,GithubActions,2,v5_0060,2026-06-22T21:09:59.609664+00:00,,2026-06-22T21:22:23.681719+00:00,,,744,canceled
0,v6_0055,f06_quant,GithubActions,2,v5_0055,2026-06-22T21:09:44.696261+00:00,,2026-06-22T21:22:41.636985+00:00,,,776,canceled
0,v6_0056,f06_quant,GithubActions,2,v5_0056,2026-06-22T21:09:47.919111+00:00,,2026-06-22T21:22:40.545183+00:00,,,772,canceled
0,v6_0058,f06_quant,GithubActions,2,v5_0058,2026-06-22T21:09:53.368345+00:00,,2026-06-22T21:22:40.419214+00:00,,,767,canceled
0,v6_0059,f06_quant,GithubActions,2,v5_0059,2026-06-22T21:09:56.209530+00:00,,2026-06-22T21:22:37.963543+00:00,,,761,canceled
0,v6_0079,f06_quant,GithubActions,2,v5_0079,2026-06-22T21:10:46.435705+00:00,,2026-06-22T21:24:11.528754+00:00,,,805,canceled
0,v6_0076,f06_quant,GithubActions,2,v5_0076,2026-06-22T21:10:40.218200+00:00,,2026-06-22T21:27:18.046046+00:00,,,997,canceled
0,v5_0072,f05_modeling,GithubActions,2,v4_0072,2026-06-22T17:56:52.379263+00:00,2026-06-22T18:04:59.724317+00:00,2026-06-22T22:02:11.271026+00:00,487,14231,14718,failed
0,v6_0072,f06_quant,GithubActions,2,v5_0072,2026-06-22T21:10:31.636759+00:00,,2026-06-22T22:29:12.159871+00:00,,,4720,canceled
0,v7_0011,f07_modval,ESP32-v2,0,v6_0003,2026-06-23T07:59:45.530390+00:00,2026-06-23T08:00:07.832068+00:00,2026-06-23T08:00:41.209319+00:00,22,33,55,failed
0,v7_0001,f07_modval,ESP32-v1,0,v6_0057,2026-06-23T07:57:52.425545+00:00,2026-06-23T07:58:02.995006+00:00,2026-06-23T08:02:35.472434+00:00,10,272,283,failed
0,v7_0002,f07_modval,ESP32-v3-virtual,0,v6_0057,2026-06-23T07:58:01.637172+00:00,2026-06-23T07:58:12.959854+00:00,2026-06-23T08:04:35.089254+00:00,11,382,393,failed
0,v7_0012,f07_modval,ESP32-v4-virtual,0,v6_0003,2026-06-23T07:59:09.585232+00:00,2026-06-23T07:59:27.583987+00:00,2026-06-23T08:04:48.771378+00:00,17,321,339,failed
0,v7_0004,f07_modval,ESP32-v3-virtual,0,v6_0003,2026-06-23T08:47:53.381669+00:00,2026-06-23T08:48:03.320036+00:00,2026-06-23T09:12:00.084720+00:00,9,1436,1446,success
0,v7_0003,f07_modval,ESP32-v1,0,v6_0003,2026-06-23T08:47:40.407610+00:00,2026-06-23T08:47:50.159426+00:00,2026-06-23T09:12:10.708904+00:00,9,1460,1470,success
0,v8_0001,f08_sysval,ESP32-v1,0,v7_0003,2026-06-23T10:30:49.911976+00:00,2026-06-23T10:30:59.891326+00:00,2026-06-23T10:31:34.107472+00:00,9,34,44,failed
0,v8_0002,f08_sysval,ESP32-v1,0,v7_0003,2026-06-23T10:36:27.366728+00:00,2026-06-23T10:36:37.075067+00:00,2026-06-23T10:38:05.913516+00:00,9,88,98,success
9,v1_9999,f01_explore,GithubActions,2,,2026-06-23T16:46:55.584326+00:00,2026-06-23T16:47:10.621185+00:00,2026-06-23T16:50:19.530419+00:00,15,188,203,success
9,v2_9997,f02_events,GithubActions,2,v1_9999,2026-06-23T16:46:55.585326+00:00,2026-06-23T16:50:59.863824+00:00,2026-06-23T16:53:33.211088+00:00,244,153,397,success
9,v2_9998,f02_events,GithubActions,2,v1_9999,2026-06-23T16:46:55.586326+00:00,2026-06-23T16:51:15.172947+00:00,2026-06-23T16:54:04.822564+00:00,259,169,429,success
9,v2_9999,f02_events,GithubActions,2,v1_9999,2026-06-23T16:46:55.587326+00:00,2026-06-23T16:51:38.334375+00:00,2026-06-23T16:54:41.454461+00:00,282,183,465,success
